<class 'keras.src.layers.rnn.simple_rnn.SimpleRNN'>,8,10,3.2005527019500732,12.57114315032959,-18.686885833740234
<class 'keras.src.layers.rnn.simple_rnn.SimpleRNN'>,8,20,1.9030368328094482,5.291040420532227,-7.2859697341918945
<class 'keras.src.layers.rnn.simple_rnn.SimpleRNN'>,8,30,1.4336717128753662,3.249962568283081,-4.089563846588135
<class 'keras.src.layers.rnn.simple_rnn.SimpleRNN'>,8,40,1.1567213535308838,2.32973313331604,-2.6484501361846924
<class 'keras.src.layers.rnn.simple_rnn.SimpleRNN'>,8,50,0.9930927157402039,1.8237545490264893,-1.8560683727264404
<class 'keras.src.layers.rnn.simple_rnn.SimpleRNN'>,8,60,0.8850423097610474,1.500733733177185,-1.350205659866333
<class 'keras.src.layers.rnn.simple_rnn.SimpleRNN'>,8,70,0.8030049800872803,1.2686948776245117,-0.9868240356445312
<class 'keras.src.layers.rnn.simple_rnn.SimpleRNN'>,8,80,0.7491735816001892,1.1162359714508057,-0.7480676174163818
<class 'keras.src.layers.rnn.simple_rnn.SimpleRNN'>,8,90,0.7019448280334473,0.9952636957168579,-0.5586205720901489
<class 'keras.src.layers.rnn.simple_rnn.SimpleRNN'>,8,100,0.6706981658935547,0.9040722846984863,-0.41581130027770996
<class 'keras.src.layers.rnn.simple_rnn.SimpleRNN'>,8,110,0.6493178009986877,0.8332988619804382,-0.3049774169921875
<class 'keras.src.layers.rnn.simple_rnn.SimpleRNN'>,8,120,0.6339772939682007,0.7824739217758179,-0.22538363933563232
<class 'keras.src.layers.rnn.simple_rnn.SimpleRNN'>,8,130,0.621462345123291,0.7352453470230103,-0.1514219045639038
<class 'keras.src.layers.rnn.simple_rnn.SimpleRNN'>,8,140,0.6138107180595398,0.7061403393745422,-0.1058424711227417
<class 'keras.src.layers.rnn.simple_rnn.SimpleRNN'>,8,150,0.6079760789871216,0.6832200884819031,-0.06994843482971191
<class 'keras.src.layers.rnn.simple_rnn.SimpleRNN'>,8,160,0.6080846786499023,0.6704527139663696,-0.04995429515838623
<class 'keras.src.layers.rnn.simple_rnn.SimpleRNN'>,8,170,0.6074029803276062,0.6578250527381897,-0.03017890453338623
<class 'keras.src.layers.rnn.simple_rnn.SimpleRNN'>,8,180,0.6080226302146912,0.6501680016517639,-0.018187642097473145
<class 'keras.src.layers.rnn.simple_rnn.SimpleRNN'>,8,190,0.6088370084762573,0.6442420482635498,-0.008907437324523926
<class 'keras.src.layers.rnn.simple_rnn.SimpleRNN'>,8,200,0.6116273999214172,0.64313805103302,-0.0071784257888793945
<class 'keras.src.layers.rnn.simple_rnn.SimpleRNN'>,16,10,2.2963075637817383,7.078158855438232,-10.084663391113281
<class 'keras.src.layers.rnn.simple_rnn.SimpleRNN'>,16,20,1.4147790670394897,3.160917282104492,-3.95011568069458
<class 'keras.src.layers.rnn.simple_rnn.SimpleRNN'>,16,30,1.1954151391983032,2.353895425796509,-2.686289072036743
<class 'keras.src.layers.rnn.simple_rnn.SimpleRNN'>,16,40,1.0591869354248047,1.89181649684906,-1.962656021118164
<class 'keras.src.layers.rnn.simple_rnn.SimpleRNN'>,16,50,0.9504284858703613,1.5713443756103516,-1.460784673690796
<class 'keras.src.layers.rnn.simple_rnn.SimpleRNN'>,16,60,0.8736416697502136,1.3405177593231201,-1.0993013381958008
<class 'keras.src.layers.rnn.simple_rnn.SimpleRNN'>,16,70,0.8270129561424255,1.1856504678726196,-0.8567733764648438
<class 'keras.src.layers.rnn.simple_rnn.SimpleRNN'>,16,80,0.7867611646652222,1.068532943725586,-0.6733628511428833
<class 'keras.src.layers.rnn.simple_rnn.SimpleRNN'>,16,90,0.7634451985359192,0.9961336255073547,-0.5599828958511353
<class 'keras.src.layers.rnn.simple_rnn.SimpleRNN'>,16,100,0.7479217648506165,0.9522486329078674,-0.49125730991363525
<class 'keras.src.layers.rnn.simple_rnn.SimpleRNN'>,16,110,0.737611711025238,0.9234558343887329,-0.4461667537689209
<class 'keras.src.layers.rnn.simple_rnn.SimpleRNN'>,16,120,0.7311655282974243,0.9051412343978882,-0.4174853563308716
<class 'keras.src.layers.rnn.simple_rnn.SimpleRNN'>,16,130,0.7279711365699768,0.893528938293457,-0.39930009841918945
<class 'keras.src.layers.rnn.simple_rnn.SimpleRNN'>,16,140,0.7314420938491821,0.8993372321128845,-0.40839600563049316
<class 'keras.src.layers.rnn.simple_rnn.SimpleRNN'>,16,150,0.7334389090538025,0.9029318690299988,-0.41402530670166016
<class 'keras.src.layers.rnn.simple_rnn.SimpleRNN'>,16,160,0.7375244498252869,0.9054741859436035,-0.4180067777633667
<class 'keras.src.layers.rnn.simple_rnn.SimpleRNN'>,16,170,0.741987407207489,0.9108012318611145,-0.4263491630554199
<class 'keras.src.layers.rnn.simple_rnn.SimpleRNN'>,16,180,0.746566653251648,0.9192479252815247,-0.4395768642425537
<class 'keras.src.layers.rnn.simple_rnn.SimpleRNN'>,16,190,0.7524394392967224,0.9279422760009766,-0.45319271087646484
<class 'keras.src.layers.rnn.simple_rnn.SimpleRNN'>,16,200,0.7557010650634766,0.9292266368865967,-0.4552038908004761
<class 'keras.src.layers.rnn.simple_rnn.SimpleRNN'>,32,10,1.64481782913208,3.917294502258301,-5.1346306800842285
<class 'keras.src.layers.rnn.simple_rnn.SimpleRNN'>,32,20,1.2180575132369995,2.3853321075439453,-2.7355198860168457
<class 'keras.src.layers.rnn.simple_rnn.SimpleRNN'>,32,30,1.0498815774917603,1.812857747077942,-1.839003562927246
<class 'keras.src.layers.rnn.simple_rnn.SimpleRNN'>,32,40,0.9410260915756226,1.486012578010559,-1.3271517753601074
<class 'keras.src.layers.rnn.simple_rnn.SimpleRNN'>,32,50,0.8646584153175354,1.2537760734558105,-0.9634606838226318
<class 'keras.src.layers.rnn.simple_rnn.SimpleRNN'>,32,60,0.8090327382087708,1.104439377784729,-0.7295938730239868
<class 'keras.src.layers.rnn.simple_rnn.SimpleRNN'>,32,70,0.7705864310264587,0.9992517828941345,-0.5648659467697144
<class 'keras.src.layers.rnn.simple_rnn.SimpleRNN'>,32,80,0.7449827790260315,0.9343608021736145,-0.46324431896209717
<class 'keras.src.layers.rnn.simple_rnn.SimpleRNN'>,32,90,0.7334264516830444,0.9126976728439331,-0.42931902408599854
<class 'keras.src.layers.rnn.simple_rnn.SimpleRNN'>,32,100,0.7227798104286194,0.8922562003135681,-0.3973069190979004
<class 'keras.src.layers.rnn.simple_rnn.SimpleRNN'>,32,110,0.7182974815368652,0.8811722993850708,-0.3799489736557007
<class 'keras.src.layers.rnn.simple_rnn.SimpleRNN'>,32,120,0.7152074575424194,0.8717744946479797,-0.3652317523956299
<class 'keras.src.layers.rnn.simple_rnn.SimpleRNN'>,32,130,0.713779866695404,0.8693655729293823,-0.36145925521850586
<class 'keras.src.layers.rnn.simple_rnn.SimpleRNN'>,32,140,0.7148400545120239,0.8751150965690613,-0.3704632520675659
<class 'keras.src.layers.rnn.simple_rnn.SimpleRNN'>,32,150,0.7114925384521484,0.8628838062286377,-0.35130858421325684
<class 'keras.src.layers.rnn.simple_rnn.SimpleRNN'>,32,160,0.7115380764007568,0.8637590408325195,-0.3526792526245117
<class 'keras.src.layers.rnn.simple_rnn.SimpleRNN'>,32,170,0.7124451994895935,0.8634693026542664,-0.35222554206848145
<class 'keras.src.layers.rnn.simple_rnn.SimpleRNN'>,32,180,0.7108263969421387,0.8596142530441284,-0.34618842601776123
<class 'keras.src.layers.rnn.simple_rnn.SimpleRNN'>,32,190,0.7106457352638245,0.8630717396736145,-0.3516029119491577
<class 'keras.src.layers.rnn.simple_rnn.SimpleRNN'>,32,200,0.7132375836372375,0.8720155954360962,-0.36560940742492676
<class 'keras.src.layers.rnn.simple_rnn.SimpleRNN'>,64,10,1.3265926837921143,2.7265918254852295,-3.2699456214904785
<class 'keras.src.layers.rnn.simple_rnn.SimpleRNN'>,64,20,1.112172245979309,1.9811944961547852,-2.1026253700256348
<class 'keras.src.layers.rnn.simple_rnn.SimpleRNN'>,64,30,0.9793855547904968,1.5241889953613281,-1.3869376182556152
<class 'keras.src.layers.rnn.simple_rnn.SimpleRNN'>,64,40,0.871581494808197,1.2193158864974976,-0.9094946384429932
<class 'keras.src.layers.rnn.simple_rnn.SimpleRNN'>,64,50,0.7963985800743103,1.0298506021499634,-0.6127848625183105
<class 'keras.src.layers.rnn.simple_rnn.SimpleRNN'>,64,60,0.7440927624702454,0.9219490885734558,-0.4438070058822632
<class 'keras.src.layers.rnn.simple_rnn.SimpleRNN'>,64,70,0.7215523719787598,0.8697940111160278,-0.36213016510009766
<class 'keras.src.layers.rnn.simple_rnn.SimpleRNN'>,64,80,0.7088889479637146,0.8366695642471313,-0.31025612354278564
<class 'keras.src.layers.rnn.simple_rnn.SimpleRNN'>,64,90,0.7062222361564636,0.8258680105209351,-0.29334044456481934
<class 'keras.src.layers.rnn.simple_rnn.SimpleRNN'>,64,100,0.7073109745979309,0.8185163736343384,-0.28182756900787354
<class 'keras.src.layers.rnn.simple_rnn.SimpleRNN'>,64,110,0.7092020511627197,0.8202551603317261,-0.2845505475997925
<class 'keras.src.layers.rnn.simple_rnn.SimpleRNN'>,64,120,0.7115738391876221,0.8299757242202759,-0.29977333545684814
<class 'keras.src.layers.rnn.simple_rnn.SimpleRNN'>,64,130,0.710481584072113,0.8311569094657898,-0.3016231060028076
<class 'keras.src.layers.rnn.simple_rnn.SimpleRNN'>,64,140,0.7120396494865417,0.841614305973053,-0.31799983978271484
<class 'keras.src.layers.rnn.simple_rnn.SimpleRNN'>,64,150,0.7155241370201111,0.856417179107666,-0.3411816358566284
<class 'keras.src.layers.rnn.simple_rnn.SimpleRNN'>,64,160,0.7142387628555298,0.8627631664276123,-0.3511197566986084
<class 'keras.src.layers.rnn.simple_rnn.SimpleRNN'>,64,170,0.7175545692443848,0.8728267550468445,-0.36687958240509033
<class 'keras.src.layers.rnn.simple_rnn.SimpleRNN'>,64,180,0.7224391102790833,0.8943286538124084,-0.4005523920059204
<class 'keras.src.layers.rnn.simple_rnn.SimpleRNN'>,64,190,0.7281297445297241,0.9131085276603699,-0.4299623966217041
<class 'keras.src.layers.rnn.simple_rnn.SimpleRNN'>,64,200,0.7363879084587097,0.9336932301521301,-0.4621988534927368
<class 'keras.src.layers.rnn.simple_rnn.SimpleRNN'>,128,10,1.1579023599624634,2.120920181274414,-2.321441173553467
<class 'keras.src.layers.rnn.simple_rnn.SimpleRNN'>,128,20,0.9678227305412292,1.4982773065567017,-1.3463587760925293
<class 'keras.src.layers.rnn.simple_rnn.SimpleRNN'>,128,30,0.8604512214660645,1.1888118982315063,-0.8617242574691772
<class 'keras.src.layers.rnn.simple_rnn.SimpleRNN'>,128,40,0.792360782623291,1.0053634643554688,-0.574437141418457
<class 'keras.src.layers.rnn.simple_rnn.SimpleRNN'>,128,50,0.7604895234107971,0.9102135896682739,-0.4254288673400879
<class 'keras.src.layers.rnn.simple_rnn.SimpleRNN'>,128,60,0.7472993731498718,0.8658833503723145,-0.35600602626800537
<class 'keras.src.layers.rnn.simple_rnn.SimpleRNN'>,128,70,0.7480631470680237,0.8516730070114136,-0.3337520360946655
<class 'keras.src.layers.rnn.simple_rnn.SimpleRNN'>,128,80,0.7556797862052917,0.8786768317222595,-0.376041054725647
<class 'keras.src.layers.rnn.simple_rnn.SimpleRNN'>,128,90,0.7430039644241333,0.8402140140533447,-0.31580686569213867
<class 'keras.src.layers.rnn.simple_rnn.SimpleRNN'>,128,100,0.7444790005683899,0.8575257658958435,-0.34291768074035645
<class 'keras.src.layers.rnn.simple_rnn.SimpleRNN'>,128,110,0.7443273067474365,0.8607140779495239,-0.3479107618331909
<class 'keras.src.layers.rnn.simple_rnn.SimpleRNN'>,128,120,0.7457187175750732,0.8665785193443298,-0.3570946455001831
<class 'keras.src.layers.rnn.simple_rnn.SimpleRNN'>,128,130,0.7490588426589966,0.8911975026130676,-0.3956488370895386
<class 'keras.src.layers.rnn.simple_rnn.SimpleRNN'>,128,140,0.7505046129226685,0.9027209877967834,-0.4136950969696045
<class 'keras.src.layers.rnn.simple_rnn.SimpleRNN'>,128,150,0.745962917804718,0.8989784717559814,-0.40783417224884033
<class 'keras.src.layers.rnn.simple_rnn.SimpleRNN'>,128,160,0.7484104633331299,0.9156674146652222,-0.43396973609924316
<class 'keras.src.layers.rnn.simple_rnn.SimpleRNN'>,128,170,0.74704909324646,0.9137610197067261,-0.4309842586517334
<class 'keras.src.layers.rnn.simple_rnn.SimpleRNN'>,128,180,0.7560534477233887,0.9455320239067078,-0.4807387590408325
<class 'keras.src.layers.rnn.simple_rnn.SimpleRNN'>,128,190,0.7523941397666931,0.9381022453308105,-0.4691035747528076
<class 'keras.src.layers.rnn.simple_rnn.SimpleRNN'>,128,200,0.764826238155365,0.972732424736023,-0.5233356952667236
<class 'keras.src.layers.rnn.simple_rnn.SimpleRNN'>,256,10,1.1235008239746094,2.111919641494751,-2.3073458671569824
<class 'keras.src.layers.rnn.simple_rnn.SimpleRNN'>,256,20,0.9011281728744507,1.3655881881713867,-1.1385626792907715
<class 'keras.src.layers.rnn.simple_rnn.SimpleRNN'>,256,30,0.7700008749961853,1.0210541486740112,-0.5990093946456909
<class 'keras.src.layers.rnn.simple_rnn.SimpleRNN'>,256,40,0.7184726595878601,0.8737121820449829,-0.368266224861145
<class 'keras.src.layers.rnn.simple_rnn.SimpleRNN'>,256,50,0.7042487263679504,0.8181825280189514,-0.2813047170639038
<class 'keras.src.layers.rnn.simple_rnn.SimpleRNN'>,256,60,0.7013241648674011,0.7909994721412659,-0.23873496055603027
<class 'keras.src.layers.rnn.simple_rnn.SimpleRNN'>,256,70,0.7755459547042847,1.0566703081130981,-0.6547856330871582
<class 'keras.src.layers.rnn.simple_rnn.SimpleRNN'>,256,80,0.7028374075889587,0.8413623571395874,-0.31760525703430176
<class 'keras.src.layers.rnn.simple_rnn.SimpleRNN'>,256,90,0.7055040001869202,0.8395567536354065,-0.3147776126861572
<class 'keras.src.layers.rnn.simple_rnn.SimpleRNN'>,256,100,0.7291776537895203,0.9143912196159363,-0.4319711923599243
<class 'keras.src.layers.rnn.simple_rnn.SimpleRNN'>,256,110,0.7476813793182373,0.9931585192680359,-0.5553237199783325
<class 'keras.src.layers.rnn.simple_rnn.SimpleRNN'>,256,120,0.7550256848335266,0.9955796599388123,-0.5591152906417847
<class 'keras.src.layers.rnn.simple_rnn.SimpleRNN'>,256,130,0.7450029253959656,0.9879343509674072,-0.547142505645752
<class 'keras.src.layers.rnn.simple_rnn.SimpleRNN'>,256,140,0.7542617321014404,1.013923168182373,-0.5878419876098633
<class 'keras.src.layers.rnn.simple_rnn.SimpleRNN'>,256,150,0.761001467704773,1.0340023040771484,-0.6192865371704102
<class 'keras.src.layers.rnn.simple_rnn.SimpleRNN'>,256,160,0.7514110803604126,1.0167360305786133,-0.5922470092773438
<class 'keras.src.layers.rnn.simple_rnn.SimpleRNN'>,256,170,0.758772075176239,1.0279029607772827,-0.6097348928451538
<class 'keras.src.layers.rnn.simple_rnn.SimpleRNN'>,256,180,0.7432308793067932,0.9888822436332703,-0.5486268997192383
<class 'keras.src.layers.rnn.simple_rnn.SimpleRNN'>,256,190,0.7633893489837646,1.034675121307373,-0.6203403472900391
<class 'keras.src.layers.rnn.simple_rnn.SimpleRNN'>,256,200,0.756476640701294,0.9973815679550171,-0.5619370937347412
<class 'keras.src.layers.rnn.simple_rnn.SimpleRNN'>,512,10,1.0048528909683228,1.6151474714279175,-1.5293817520141602
<class 'keras.src.layers.rnn.simple_rnn.SimpleRNN'>,512,20,0.8007853031158447,1.084944248199463,-0.6990636587142944
<class 'keras.src.layers.rnn.simple_rnn.SimpleRNN'>,512,30,0.7412168383598328,0.9080817699432373,-0.4220902919769287
<class 'keras.src.layers.rnn.simple_rnn.SimpleRNN'>,512,40,0.7285860180854797,0.8633235096931458,-0.3519972562789917
<class 'keras.src.layers.rnn.simple_rnn.SimpleRNN'>,512,50,0.735034704208374,0.8918229341506958,-0.39662837982177734
<class 'keras.src.layers.rnn.simple_rnn.SimpleRNN'>,512,60,0.7123317718505859,0.8120227456092834,-0.2716583013534546
<class 'keras.src.layers.rnn.simple_rnn.SimpleRNN'>,512,70,0.7161871790885925,0.827526867389679,-0.29593825340270996
<class 'keras.src.layers.rnn.simple_rnn.SimpleRNN'>,512,80,0.7208631634712219,0.8643486499786377,-0.3536025285720825
<class 'keras.src.layers.rnn.simple_rnn.SimpleRNN'>,512,90,0.7002092599868774,0.7891232371330261,-0.23579680919647217
<class 'keras.src.layers.rnn.simple_rnn.SimpleRNN'>,512,100,0.7150764465332031,0.8081834316253662,-0.26564574241638184
<class 'keras.src.layers.rnn.simple_rnn.SimpleRNN'>,512,110,0.7848421335220337,1.0568054914474487,-0.6549973487854004
<class 'keras.src.layers.rnn.simple_rnn.SimpleRNN'>,512,120,0.6901499032974243,0.7915114164352417,-0.23953676223754883
<class 'keras.src.layers.rnn.simple_rnn.SimpleRNN'>,512,130,0.7028981447219849,0.8267598152160645,-0.2947371006011963
<class 'keras.src.layers.rnn.simple_rnn.SimpleRNN'>,512,140,0.7443038821220398,0.9335281252861023,-0.46194028854370117
<class 'keras.src.layers.rnn.simple_rnn.SimpleRNN'>,512,150,0.7076532244682312,0.8510429859161377,-0.3327653408050537
<class 'keras.src.layers.rnn.simple_rnn.SimpleRNN'>,512,160,0.7556367516517639,0.9422234296798706,-0.47555744647979736
<class 'keras.src.layers.rnn.simple_rnn.SimpleRNN'>,512,170,0.7474077939987183,0.934442937374115,-0.4633728265762329
<class 'keras.src.layers.rnn.simple_rnn.SimpleRNN'>,512,180,0.7333175539970398,0.8602643013000488,-0.34720635414123535
<class 'keras.src.layers.rnn.simple_rnn.SimpleRNN'>,512,190,0.7479248046875,0.9139382243156433,-0.4312617778778076
<class 'keras.src.layers.rnn.simple_rnn.SimpleRNN'>,512,200,0.7809125781059265,0.9548868536949158,-0.49538886547088623
<class 'keras.src.layers.rnn.lstm.LSTM'>,8,10,3.6886680126190186,16.5224552154541,-24.874788284301758
<class 'keras.src.layers.rnn.lstm.LSTM'>,8,20,2.040576457977295,6.48512077331543,-9.155943870544434
<class 'keras.src.layers.rnn.lstm.LSTM'>,8,30,1.7045607566833496,5.03988790512085,-6.892654895782471
<class 'keras.src.layers.rnn.lstm.LSTM'>,8,40,1.5191446542739868,4.049705982208252,-5.3419928550720215
<class 'keras.src.layers.rnn.lstm.LSTM'>,8,50,1.3655890226364136,3.284379720687866,-4.143462657928467
<class 'keras.src.layers.rnn.lstm.LSTM'>,8,60,1.2312583923339844,2.7008185386657715,-3.229583740234375
<class 'keras.src.layers.rnn.lstm.LSTM'>,8,70,1.1181895732879639,2.2853128910064697,-2.5788862705230713
<class 'keras.src.layers.rnn.lstm.LSTM'>,8,80,1.0214649438858032,1.9646226167678833,-2.0766730308532715
<class 'keras.src.layers.rnn.lstm.LSTM'>,8,90,0.951079785823822,1.7198957204818726,-1.6934216022491455
<class 'keras.src.layers.rnn.lstm.LSTM'>,8,100,0.9042624235153198,1.5233433246612549,-1.385613203048706
<class 'keras.src.layers.rnn.lstm.LSTM'>,8,110,0.865595817565918,1.363925576210022,-1.1359589099884033
<class 'keras.src.layers.rnn.lstm.LSTM'>,8,120,0.830812394618988,1.249275803565979,-0.9564131498336792
<class 'keras.src.layers.rnn.lstm.LSTM'>,8,130,0.8012346029281616,1.1718664169311523,-0.8351869583129883
<class 'keras.src.layers.rnn.lstm.LSTM'>,8,140,0.7836996912956238,1.125643014907837,-0.7627993822097778
<class 'keras.src.layers.rnn.lstm.LSTM'>,8,150,0.7730275988578796,1.0902138948440552,-0.7073161602020264
<class 'keras.src.layers.rnn.lstm.LSTM'>,8,160,0.7662362456321716,1.0621874332427979,-0.6634255647659302
<class 'keras.src.layers.rnn.lstm.LSTM'>,8,170,0.7646430134773254,1.0424280166625977,-0.632481575012207
<class 'keras.src.layers.rnn.lstm.LSTM'>,8,180,0.7669022083282471,1.0362120866775513,-0.6227473020553589
<class 'keras.src.layers.rnn.lstm.LSTM'>,8,190,0.7710489630699158,1.0389703512191772,-0.6270667314529419
<class 'keras.src.layers.rnn.lstm.LSTM'>,8,200,0.7751714587211609,1.0497243404388428,-0.643907904624939
<class 'keras.src.layers.rnn.lstm.LSTM'>,16,10,3.177950620651245,13.417461395263672,-20.012250900268555
<class 'keras.src.layers.rnn.lstm.LSTM'>,16,20,1.9851746559143066,6.593175888061523,-9.325161933898926
<class 'keras.src.layers.rnn.lstm.LSTM'>,16,30,1.6367628574371338,4.671450138092041,-6.315667152404785
<class 'keras.src.layers.rnn.lstm.LSTM'>,16,40,1.411856770515442,3.5123984813690186,-4.500548839569092
<class 'keras.src.layers.rnn.lstm.LSTM'>,16,50,1.2444379329681396,2.7107815742492676,-3.2451863288879395
<class 'keras.src.layers.rnn.lstm.LSTM'>,16,60,1.1149789094924927,2.194894552230835,-2.4372875690460205
<class 'keras.src.layers.rnn.lstm.LSTM'>,16,70,1.0277302265167236,1.8678261041641235,-1.925086259841919
<class 'keras.src.layers.rnn.lstm.LSTM'>,16,80,0.9691077470779419,1.6640292406082153,-1.6059324741363525
<class 'keras.src.layers.rnn.lstm.LSTM'>,16,90,0.9287618398666382,1.519594430923462,-1.37974214553833
<class 'keras.src.layers.rnn.lstm.LSTM'>,16,100,0.89835524559021,1.4120289087295532,-1.2112903594970703
<class 'keras.src.layers.rnn.lstm.LSTM'>,16,110,0.8724008798599243,1.3317389488220215,-1.0855534076690674
<class 'keras.src.layers.rnn.lstm.LSTM'>,16,120,0.8590633869171143,1.275862693786621,-0.9980491399765015
<class 'keras.src.layers.rnn.lstm.LSTM'>,16,130,0.8480533361434937,1.2345924377441406,-0.9334183931350708
<class 'keras.src.layers.rnn.lstm.LSTM'>,16,140,0.841340959072113,1.2099192142486572,-0.8947790861129761
<class 'keras.src.layers.rnn.lstm.LSTM'>,16,150,0.8380206823348999,1.1977733373641968,-0.8757582902908325
<class 'keras.src.layers.rnn.lstm.LSTM'>,16,160,0.8353183269500732,1.1908233165740967,-0.8648742437362671
<class 'keras.src.layers.rnn.lstm.LSTM'>,16,170,0.8327816128730774,1.188285231590271,-0.8608994483947754
<class 'keras.src.layers.rnn.lstm.LSTM'>,16,180,0.8365638256072998,1.1963486671447754,-0.8735270500183105
<class 'keras.src.layers.rnn.lstm.LSTM'>,16,190,0.8435753583908081,1.2068977355957031,-0.8900473117828369
<class 'keras.src.layers.rnn.lstm.LSTM'>,16,200,0.8530639410018921,1.224210500717163,-0.917159914970398
<class 'keras.src.layers.rnn.lstm.LSTM'>,32,10,2.132205009460449,6.549823760986328,-9.257270812988281
<class 'keras.src.layers.rnn.lstm.LSTM'>,32,20,1.5665360689163208,3.821380138397217,-4.9844255447387695
<class 'keras.src.layers.rnn.lstm.LSTM'>,32,30,1.2788771390914917,2.595348596572876,-3.0644140243530273
<class 'keras.src.layers.rnn.lstm.LSTM'>,32,40,1.0636457204818726,1.8016005754470825,-1.8213746547698975
<class 'keras.src.layers.rnn.lstm.LSTM'>,32,50,0.9191945791244507,1.3685247898101807,-1.1431612968444824
<class 'keras.src.layers.rnn.lstm.LSTM'>,32,60,0.8335122466087341,1.1384789943695068,-0.7829011678695679
<class 'keras.src.layers.rnn.lstm.LSTM'>,32,70,0.7804445028305054,1.0069048404693604,-0.5768510103225708
<class 'keras.src.layers.rnn.lstm.LSTM'>,32,80,0.755435049533844,0.937224805355072,-0.4677293300628662
<class 'keras.src.layers.rnn.lstm.LSTM'>,32,90,0.7439174652099609,0.9013853073120117,-0.41160333156585693
<class 'keras.src.layers.rnn.lstm.LSTM'>,32,100,0.7373196482658386,0.8865702748298645,-0.3884025812149048
<class 'keras.src.layers.rnn.lstm.LSTM'>,32,110,0.7378668785095215,0.8832275867462158,-0.38316774368286133
<class 'keras.src.layers.rnn.lstm.LSTM'>,32,120,0.7409133315086365,0.8830658197402954,-0.3829144239425659
<class 'keras.src.layers.rnn.lstm.LSTM'>,32,130,0.7444846034049988,0.8918612599372864,-0.3966883420944214
<class 'keras.src.layers.rnn.lstm.LSTM'>,32,140,0.7472849488258362,0.9030515551567078,-0.41421282291412354
<class 'keras.src.layers.rnn.lstm.LSTM'>,32,150,0.7610032558441162,0.9292275309562683,-0.4552053213119507
<class 'keras.src.layers.rnn.lstm.LSTM'>,32,160,0.772127091884613,0.9568516612052917,-0.49846577644348145
<class 'keras.src.layers.rnn.lstm.LSTM'>,32,170,0.7811617851257324,0.9860656261444092,-0.5442159175872803
<class 'keras.src.layers.rnn.lstm.LSTM'>,32,180,0.7857744097709656,1.012061595916748,-0.5849267244338989
<class 'keras.src.layers.rnn.lstm.LSTM'>,32,190,0.7936655282974243,1.0430797338485718,-0.6335023641586304
<class 'keras.src.layers.rnn.lstm.LSTM'>,32,200,0.7965018153190613,1.0692670345306396,-0.6745126247406006
<class 'keras.src.layers.rnn.lstm.LSTM'>,64,10,1.942851185798645,5.664895057678223,-7.871438980102539
<class 'keras.src.layers.rnn.lstm.LSTM'>,64,20,1.3818376064300537,3.0102782249450684,-3.7142090797424316
<class 'keras.src.layers.rnn.lstm.LSTM'>,64,30,1.1004533767700195,1.9897619485855103,-2.116042137145996
<class 'keras.src.layers.rnn.lstm.LSTM'>,64,40,0.9216299653053284,1.4500212669372559,-1.2707879543304443
<class 'keras.src.layers.rnn.lstm.LSTM'>,64,50,0.8416839838027954,1.1867409944534302,-0.8584811687469482
<class 'keras.src.layers.rnn.lstm.LSTM'>,64,60,0.8012829422950745,1.0569334030151367,-0.6551976203918457
<class 'keras.src.layers.rnn.lstm.LSTM'>,64,70,0.77241450548172,0.9862226247787476,-0.5444618463516235
<class 'keras.src.layers.rnn.lstm.LSTM'>,64,80,0.753695011138916,0.9407028555870056,-0.4731762409210205
<class 'keras.src.layers.rnn.lstm.LSTM'>,64,90,0.7586676478385925,0.9512179493904114,-0.4896432161331177
<class 'keras.src.layers.rnn.lstm.LSTM'>,64,100,0.7578783631324768,0.9482524991035461,-0.4849991798400879
<class 'keras.src.layers.rnn.lstm.LSTM'>,64,110,0.763992965221405,0.9682245850563049,-0.5162762403488159
<class 'keras.src.layers.rnn.lstm.LSTM'>,64,120,0.7708371877670288,0.9968789219856262,-0.561150074005127
<class 'keras.src.layers.rnn.lstm.LSTM'>,64,130,0.784407913684845,1.0561678409576416,-0.653998613357544
<class 'keras.src.layers.rnn.lstm.LSTM'>,64,140,0.7840535044670105,1.0442205667495728,-0.6352888345718384
<class 'keras.src.layers.rnn.lstm.LSTM'>,64,150,0.793597936630249,1.0707885026931763,-0.6768951416015625
<class 'keras.src.layers.rnn.lstm.LSTM'>,64,160,0.8121466636657715,1.1484615802764893,-0.7985341548919678
<class 'keras.src.layers.rnn.lstm.LSTM'>,64,170,0.8095136880874634,1.1366591453552246,-0.7800512313842773
<class 'keras.src.layers.rnn.lstm.LSTM'>,64,180,0.8125764727592468,1.1595556735992432,-0.8159078359603882
<class 'keras.src.layers.rnn.lstm.LSTM'>,64,190,0.8241919875144958,1.2315914630889893,-0.9287186861038208
<class 'keras.src.layers.rnn.lstm.LSTM'>,64,200,0.8313291668891907,1.2692941427230835,-0.9877625703811646
<class 'keras.src.layers.rnn.lstm.LSTM'>,128,10,1.5922420024871826,4.0357584953308105,-5.320149898529053
<class 'keras.src.layers.rnn.lstm.LSTM'>,128,20,1.127966046333313,2.1002421379089355,-2.2890584468841553
<class 'keras.src.layers.rnn.lstm.LSTM'>,128,30,0.8868229985237122,1.298810601234436,-1.0339863300323486
<class 'keras.src.layers.rnn.lstm.LSTM'>,128,40,0.7891873121261597,1.0123522281646729,-0.5853818655014038
<class 'keras.src.layers.rnn.lstm.LSTM'>,128,50,0.757220983505249,0.9385786056518555,-0.46984946727752686
<class 'keras.src.layers.rnn.lstm.LSTM'>,128,60,0.7359429597854614,0.9039218425750732,-0.4155757427215576
<class 'keras.src.layers.rnn.lstm.LSTM'>,128,70,0.7296240329742432,0.8860253095626831,-0.3875490427017212
<class 'keras.src.layers.rnn.lstm.LSTM'>,128,80,0.7408550381660461,0.9208270311355591,-0.44204986095428467
<class 'keras.src.layers.rnn.lstm.LSTM'>,128,90,0.7544636726379395,0.9776272773742676,-0.5310012102127075
<class 'keras.src.layers.rnn.lstm.LSTM'>,128,100,0.755378782749176,0.9867289662361145,-0.5452548265457153
<class 'keras.src.layers.rnn.lstm.LSTM'>,128,110,0.7566914558410645,0.9969906806945801,-0.5613250732421875
<class 'keras.src.layers.rnn.lstm.LSTM'>,128,120,0.7727670073509216,1.0296216011047363,-0.6124262809753418
<class 'keras.src.layers.rnn.lstm.LSTM'>,128,130,0.7743265628814697,1.0439138412475586,-0.6348085403442383
<class 'keras.src.layers.rnn.lstm.LSTM'>,128,140,0.7827690839767456,1.060007095336914,-0.6600111722946167
<class 'keras.src.layers.rnn.lstm.LSTM'>,128,150,0.7966883182525635,1.1010111570358276,-0.7242250442504883
<class 'keras.src.layers.rnn.lstm.LSTM'>,128,160,0.7941070199012756,1.098936915397644,-0.7209765911102295
<class 'keras.src.layers.rnn.lstm.LSTM'>,128,170,0.8048909306526184,1.1473751068115234,-0.7968326807022095
<class 'keras.src.layers.rnn.lstm.LSTM'>,128,180,0.8170793056488037,1.1985259056091309,-0.8769369125366211
<class 'keras.src.layers.rnn.lstm.LSTM'>,128,190,0.8120601773262024,1.188910961151123,-0.8618794679641724
<class 'keras.src.layers.rnn.lstm.LSTM'>,128,200,0.8295328617095947,1.2470794916152954,-0.9529736042022705
<class 'keras.src.layers.rnn.lstm.LSTM'>,256,10,1.447951078414917,3.466860771179199,-4.429234981536865
<class 'keras.src.layers.rnn.lstm.LSTM'>,256,20,0.9967051148414612,1.6551767587661743,-1.592069149017334
<class 'keras.src.layers.rnn.lstm.LSTM'>,256,30,0.7964316010475159,1.0374141931533813,-0.6246297359466553
<class 'keras.src.layers.rnn.lstm.LSTM'>,256,40,0.7533957362174988,0.9282297492027283,-0.4536428451538086
<class 'keras.src.layers.rnn.lstm.LSTM'>,256,50,0.7394673824310303,0.8749858736991882,-0.3702608346939087
<class 'keras.src.layers.rnn.lstm.LSTM'>,256,60,0.7537194490432739,0.9039667248725891,-0.415645956993103
<class 'keras.src.layers.rnn.lstm.LSTM'>,256,70,0.7463774085044861,0.879819393157959,-0.3778303861618042
<class 'keras.src.layers.rnn.lstm.LSTM'>,256,80,0.7845346927642822,0.9898458123207092,-0.5501359701156616
<class 'keras.src.layers.rnn.lstm.LSTM'>,256,90,0.761411726474762,0.916018545627594,-0.4345196485519409
<class 'keras.src.layers.rnn.lstm.LSTM'>,256,100,0.7569074630737305,0.9129299521446228,-0.42968273162841797
<class 'keras.src.layers.rnn.lstm.LSTM'>,256,110,0.7541173100471497,0.9197760820388794,-0.4404040575027466
<class 'keras.src.layers.rnn.lstm.LSTM'>,256,120,0.7690609097480774,0.9814809560775757,-0.5370362997055054
<class 'keras.src.layers.rnn.lstm.LSTM'>,256,130,0.7631900906562805,0.9893913865089417,-0.5494241714477539
<class 'keras.src.layers.rnn.lstm.LSTM'>,256,140,0.7755528688430786,1.022094964981079,-0.6006392240524292
<class 'keras.src.layers.rnn.lstm.LSTM'>,256,150,0.7826213836669922,1.0658962726593018,-0.6692337989807129
<class 'keras.src.layers.rnn.lstm.LSTM'>,256,160,0.797447681427002,1.1183249950408936,-0.7513391971588135
<class 'keras.src.layers.rnn.lstm.LSTM'>,256,170,0.806934118270874,1.1211020946502686,-0.7556881904602051
<class 'keras.src.layers.rnn.lstm.LSTM'>,256,180,0.8213803172111511,1.1717007160186768,-0.8349275588989258
<class 'keras.src.layers.rnn.lstm.LSTM'>,256,190,0.8294055461883545,1.171789288520813,-0.8350663185119629
<class 'keras.src.layers.rnn.lstm.LSTM'>,256,200,0.8475660085678101,1.2221455574035645,-0.9139260053634644
<class 'keras.src.layers.rnn.lstm.LSTM'>,512,10,1.217617392539978,2.456686019897461,-2.8472628593444824
<class 'keras.src.layers.rnn.lstm.LSTM'>,512,20,0.8037002682685852,1.080642819404602,-0.6923273801803589
<class 'keras.src.layers.rnn.lstm.LSTM'>,512,30,0.7211095690727234,0.8506901860237122,-0.3322129249572754
<class 'keras.src.layers.rnn.lstm.LSTM'>,512,40,0.6943064332008362,0.7517374753952026,-0.17724931240081787
<class 'keras.src.layers.rnn.lstm.LSTM'>,512,50,0.7157520055770874,0.8068836331367493,-0.26361024379730225
<class 'keras.src.layers.rnn.lstm.LSTM'>,512,60,0.7518987059593201,0.9615234136581421,-0.505781888961792
<class 'keras.src.layers.rnn.lstm.LSTM'>,512,70,0.7356542348861694,0.8987180590629578,-0.4074263572692871
<class 'keras.src.layers.rnn.lstm.LSTM'>,512,80,0.7594095468521118,0.9881281852722168,-0.5474460124969482
<class 'keras.src.layers.rnn.lstm.LSTM'>,512,90,0.7613909244537354,0.9736141562461853,-0.5247164964675903
<class 'keras.src.layers.rnn.lstm.LSTM'>,512,100,0.75480055809021,1.0006104707717896,-0.5669937133789062
<class 'keras.src.layers.rnn.lstm.LSTM'>,512,110,0.7793053388595581,1.108873963356018,-0.7365384101867676
<class 'keras.src.layers.rnn.lstm.LSTM'>,512,120,0.7563903331756592,1.0406728982925415,-0.6297330856323242
<class 'keras.src.layers.rnn.lstm.LSTM'>,512,130,0.7660351991653442,1.0464236736297607,-0.6387389898300171
<class 'keras.src.layers.rnn.lstm.LSTM'>,512,140,0.7782833576202393,1.0513979196548462,-0.6465288400650024
<class 'keras.src.layers.rnn.lstm.LSTM'>,512,150,0.7953289747238159,1.0769684314727783,-0.6865732669830322
<class 'keras.src.layers.rnn.lstm.LSTM'>,512,160,0.807921826839447,1.0957856178283691,-0.7160416841506958
<class 'keras.src.layers.rnn.lstm.LSTM'>,512,170,0.8128116726875305,1.0984855890274048,-0.7202697992324829
<class 'keras.src.layers.rnn.lstm.LSTM'>,512,180,0.8153114914894104,1.1264718770980835,-0.7640975713729858
<class 'keras.src.layers.rnn.lstm.LSTM'>,512,190,0.8230296969413757,1.1771056652069092,-0.8433918952941895
<class 'keras.src.layers.rnn.lstm.LSTM'>,512,200,0.8746536374092102,1.278478741645813,-1.0021460056304932
<class 'keras.src.layers.rnn.gru.GRU'>,8,10,2.8094935417175293,10.697613716125488,-15.752866744995117
<class 'keras.src.layers.rnn.gru.GRU'>,8,20,1.5026943683624268,4.047908306121826,-5.339177131652832
<class 'keras.src.layers.rnn.gru.GRU'>,8,30,1.1431649923324585,2.4846742153167725,-2.8910937309265137
<class 'keras.src.layers.rnn.gru.GRU'>,8,40,0.9086287021636963,1.5839275121688843,-1.4804904460906982
<class 'keras.src.layers.rnn.gru.GRU'>,8,50,0.7922376394271851,1.1407785415649414,-0.7865023612976074
<class 'keras.src.layers.rnn.gru.GRU'>,8,60,0.7340133190155029,0.9170767664909363,-0.43617677688598633
<class 'keras.src.layers.rnn.gru.GRU'>,8,70,0.6936782598495483,0.8016852140426636,-0.25546932220458984
<class 'keras.src.layers.rnn.gru.GRU'>,8,80,0.6754767298698425,0.7500929236412048,-0.17467379570007324
<class 'keras.src.layers.rnn.gru.GRU'>,8,90,0.6677505970001221,0.7280669212341309,-0.14018023014068604
<class 'keras.src.layers.rnn.gru.GRU'>,8,100,0.6665470600128174,0.7254689335823059,-0.13611173629760742
<class 'keras.src.layers.rnn.gru.GRU'>,8,110,0.6685146689414978,0.7348135709762573,-0.15074586868286133
<class 'keras.src.layers.rnn.gru.GRU'>,8,120,0.6762710213661194,0.7538794875144958,-0.1806037425994873
<class 'keras.src.layers.rnn.gru.GRU'>,8,130,0.6848894953727722,0.7735548615455627,-0.2114161252975464
<class 'keras.src.layers.rnn.gru.GRU'>,8,140,0.6898240447044373,0.7881203293800354,-0.23422610759735107
<class 'keras.src.layers.rnn.gru.GRU'>,8,150,0.6944396495819092,0.7993777990341187,-0.25185585021972656
<class 'keras.src.layers.rnn.gru.GRU'>,8,160,0.6982653737068176,0.8079862594604492,-0.2653369903564453
<class 'keras.src.layers.rnn.gru.GRU'>,8,170,0.7022652626037598,0.8178451061248779,-0.2807762622833252
<class 'keras.src.layers.rnn.gru.GRU'>,8,180,0.706771969795227,0.8297311067581177,-0.29939019680023193
<class 'keras.src.layers.rnn.gru.GRU'>,8,190,0.71138995885849,0.8407513499259949,-0.31664836406707764
<class 'keras.src.layers.rnn.gru.GRU'>,8,200,0.7153225541114807,0.8487504720687866,-0.3291752338409424
<class 'keras.src.layers.rnn.gru.GRU'>,16,10,1.8137681484222412,4.738107204437256,-6.4200544357299805
<class 'keras.src.layers.rnn.gru.GRU'>,16,20,1.189210295677185,2.3546948432922363,-2.6875407695770264
<class 'keras.src.layers.rnn.gru.GRU'>,16,30,0.9547766447067261,1.6040680408477783,-1.512031078338623
<class 'keras.src.layers.rnn.gru.GRU'>,16,40,0.8114325404167175,1.1557786464691162,-0.8099929094314575
<class 'keras.src.layers.rnn.gru.GRU'>,16,50,0.7215354442596436,0.9072250723838806,-0.4207487106323242
<class 'keras.src.layers.rnn.gru.GRU'>,16,60,0.6673567295074463,0.7701951265335083,-0.2061547040939331
<class 'keras.src.layers.rnn.gru.GRU'>,16,70,0.6455495357513428,0.7004188895225525,-0.09688234329223633
<class 'keras.src.layers.rnn.gru.GRU'>,16,80,0.6363173127174377,0.6665405631065369,-0.04382765293121338
<class 'keras.src.layers.rnn.gru.GRU'>,16,90,0.6351165175437927,0.6539594531059265,-0.024125218391418457
<class 'keras.src.layers.rnn.gru.GRU'>,16,100,0.6430038213729858,0.6577733755111694,-0.03009796142578125
<class 'keras.src.layers.rnn.gru.GRU'>,16,110,0.6533533930778503,0.6715596914291382,-0.05168783664703369
<class 'keras.src.layers.rnn.gru.GRU'>,16,120,0.6651433706283569,0.6942713856697083,-0.08725523948669434
<class 'keras.src.layers.rnn.gru.GRU'>,16,130,0.6747863292694092,0.7124742269515991,-0.11576151847839355
<class 'keras.src.layers.rnn.gru.GRU'>,16,140,0.6841313242912292,0.7311001420021057,-0.14493048191070557
<class 'keras.src.layers.rnn.gru.GRU'>,16,150,0.6910315752029419,0.7487847208976746,-0.17262518405914307
<class 'keras.src.layers.rnn.gru.GRU'>,16,160,0.6976914405822754,0.7694297432899475,-0.2049560546875
<class 'keras.src.layers.rnn.gru.GRU'>,16,170,0.704287052154541,0.7886624336242676,-0.2350752353668213
<class 'keras.src.layers.rnn.gru.GRU'>,16,180,0.7095383405685425,0.8044476509094238,-0.2597954273223877
<class 'keras.src.layers.rnn.gru.GRU'>,16,190,0.7145674228668213,0.8194968104362488,-0.28336286544799805
<class 'keras.src.layers.rnn.gru.GRU'>,16,200,0.7230957746505737,0.8406592607498169,-0.3165041208267212
<class 'keras.src.layers.rnn.gru.GRU'>,32,10,1.3886659145355225,3.0580506324768066,-3.789022922515869
<class 'keras.src.layers.rnn.gru.GRU'>,32,20,1.0658464431762695,1.922878384590149,-2.0113000869750977
<class 'keras.src.layers.rnn.gru.GRU'>,32,30,0.8485841155052185,1.185577630996704,-0.8566591739654541
<class 'keras.src.layers.rnn.gru.GRU'>,32,40,0.7106370329856873,0.8324744701385498,-0.3036864995956421
<class 'keras.src.layers.rnn.gru.GRU'>,32,50,0.651418924331665,0.7069007158279419,-0.10703325271606445
<class 'keras.src.layers.rnn.gru.GRU'>,32,60,0.634492039680481,0.6636275053024292,-0.03926575183868408
<class 'keras.src.layers.rnn.gru.GRU'>,32,70,0.6363853812217712,0.653469979763031,-0.023358583450317383
<class 'keras.src.layers.rnn.gru.GRU'>,32,80,0.6425461173057556,0.6607330441474915,-0.034732937812805176
<class 'keras.src.layers.rnn.gru.GRU'>,32,90,0.6509127616882324,0.6771532297134399,-0.0604475736618042
<class 'keras.src.layers.rnn.gru.GRU'>,32,100,0.6609979867935181,0.7002086043357849,-0.09655308723449707
<class 'keras.src.layers.rnn.gru.GRU'>,32,110,0.6688639521598816,0.7156898379325867,-0.12079727649688721
<class 'keras.src.layers.rnn.gru.GRU'>,32,120,0.6790398359298706,0.7345296740531921,-0.15030121803283691
<class 'keras.src.layers.rnn.gru.GRU'>,32,130,0.6915732622146606,0.7621082067489624,-0.19349026679992676
<class 'keras.src.layers.rnn.gru.GRU'>,32,140,0.7055562734603882,0.78922438621521,-0.2359551191329956
<class 'keras.src.layers.rnn.gru.GRU'>,32,150,0.7223337292671204,0.8218085169792175,-0.2869831323623657
<class 'keras.src.layers.rnn.gru.GRU'>,32,160,0.7285829186439514,0.8329771161079407,-0.3044736385345459
<class 'keras.src.layers.rnn.gru.GRU'>,32,170,0.7315456867218018,0.8394244909286499,-0.31457042694091797
<class 'keras.src.layers.rnn.gru.GRU'>,32,180,0.7390509843826294,0.856541633605957,-0.34137654304504395
<class 'keras.src.layers.rnn.gru.GRU'>,32,190,0.7417099475860596,0.8705732822418213,-0.36335062980651855
<class 'keras.src.layers.rnn.gru.GRU'>,32,200,0.7610907554626465,0.9131820797920227,-0.43007755279541016
<class 'keras.src.layers.rnn.gru.GRU'>,64,10,1.2139484882354736,2.5173094272613525,-2.9422013759613037
<class 'keras.src.layers.rnn.gru.GRU'>,64,20,0.8924972414970398,1.3717753887176514,-1.148252010345459
<class 'keras.src.layers.rnn.gru.GRU'>,64,30,0.7356317639350891,0.8795621991157532,-0.3774275779724121
<class 'keras.src.layers.rnn.gru.GRU'>,64,40,0.6605599522590637,0.6938447952270508,-0.08658719062805176
<class 'keras.src.layers.rnn.gru.GRU'>,64,50,0.6390317678451538,0.6394463777542114,-0.0013971328735351562
<class 'keras.src.layers.rnn.gru.GRU'>,64,60,0.6399356126785278,0.633246660232544,0.008311867713928223
<class 'keras.src.layers.rnn.gru.GRU'>,64,70,0.646014392375946,0.6438806653022766,-0.008341431617736816
<class 'keras.src.layers.rnn.gru.GRU'>,64,80,0.6579479575157166,0.6771737337112427,-0.06047964096069336
<class 'keras.src.layers.rnn.gru.GRU'>,64,90,0.6740936636924744,0.7074752449989319,-0.1079329252243042
<class 'keras.src.layers.rnn.gru.GRU'>,64,100,0.6744233965873718,0.7085939645767212,-0.10968482494354248
<class 'keras.src.layers.rnn.gru.GRU'>,64,110,0.6852922439575195,0.7397931814193726,-0.15854394435882568
<class 'keras.src.layers.rnn.gru.GRU'>,64,120,0.691321611404419,0.758928120136261,-0.18851006031036377
<class 'keras.src.layers.rnn.gru.GRU'>,64,130,0.6853156685829163,0.7639158368110657,-0.1963210105895996
<class 'keras.src.layers.rnn.gru.GRU'>,64,140,0.6806694269180298,0.7686788439750671,-0.2037801742553711
<class 'keras.src.layers.rnn.gru.GRU'>,64,150,0.6907097697257996,0.8091317415237427,-0.26713085174560547
<class 'keras.src.layers.rnn.gru.GRU'>,64,160,0.691039502620697,0.8297690749168396,-0.2994496822357178
<class 'keras.src.layers.rnn.gru.GRU'>,64,170,0.6998635530471802,0.8548405766487122,-0.33871257305145264
<class 'keras.src.layers.rnn.gru.GRU'>,64,180,0.7031728029251099,0.8735525012016296,-0.36801624298095703
<class 'keras.src.layers.rnn.gru.GRU'>,64,190,0.7114977836608887,0.9064168334007263,-0.419482946395874
<class 'keras.src.layers.rnn.gru.GRU'>,64,200,0.7200850248336792,0.9352323412895203,-0.46460914611816406
<class 'keras.src.layers.rnn.gru.GRU'>,128,10,1.1100184917449951,2.035540819168091,-2.1877338886260986
<class 'keras.src.layers.rnn.gru.GRU'>,128,20,0.776576042175293,0.9929289221763611,-0.5549641847610474
<class 'keras.src.layers.rnn.gru.GRU'>,128,30,0.6609400510787964,0.7049880623817444,-0.10403788089752197
<class 'keras.src.layers.rnn.gru.GRU'>,128,40,0.6412418484687805,0.6451066732406616,-0.0102614164352417
<class 'keras.src.layers.rnn.gru.GRU'>,128,50,0.6504274010658264,0.6495810747146606,-0.01726853847503662
<class 'keras.src.layers.rnn.gru.GRU'>,128,60,0.6546944379806519,0.6506637930870056,-0.018964052200317383
<class 'keras.src.layers.rnn.gru.GRU'>,128,70,0.6630275845527649,0.6759450435638428,-0.0585554838180542
<class 'keras.src.layers.rnn.gru.GRU'>,128,80,0.6687251925468445,0.7091886401176453,-0.11061620712280273
<class 'keras.src.layers.rnn.gru.GRU'>,128,90,0.6726139187812805,0.7279860973358154,-0.14005374908447266
<class 'keras.src.layers.rnn.gru.GRU'>,128,100,0.6827504634857178,0.7783613204956055,-0.21894323825836182
<class 'keras.src.layers.rnn.gru.GRU'>,128,110,0.6843382716178894,0.7937678098678589,-0.24307036399841309
<class 'keras.src.layers.rnn.gru.GRU'>,128,120,0.6958833336830139,0.8231068849563599,-0.2890164852142334
<class 'keras.src.layers.rnn.gru.GRU'>,128,130,0.6935855746269226,0.8319342732429504,-0.3028404712677002
<class 'keras.src.layers.rnn.gru.GRU'>,128,140,0.7081189751625061,0.8618974685668945,-0.34976398944854736
<class 'keras.src.layers.rnn.gru.GRU'>,128,150,0.7002469897270203,0.8527488112449646,-0.3354368209838867
<class 'keras.src.layers.rnn.gru.GRU'>,128,160,0.7093836069107056,0.8763524889945984,-0.3724011182785034
<class 'keras.src.layers.rnn.gru.GRU'>,128,170,0.7152090668678284,0.8908066153526306,-0.39503681659698486
<class 'keras.src.layers.rnn.gru.GRU'>,128,180,0.7150478363037109,0.8954480886459351,-0.4023054838180542
<class 'keras.src.layers.rnn.gru.GRU'>,128,190,0.7204272150993347,0.9151337146759033,-0.43313395977020264
<class 'keras.src.layers.rnn.gru.GRU'>,128,200,0.7206847667694092,0.9117690920829773,-0.42786478996276855
<class 'keras.src.layers.rnn.gru.GRU'>,256,10,0.9746308922767639,1.5921733379364014,-1.493403673171997
<class 'keras.src.layers.rnn.gru.GRU'>,256,20,0.7168307304382324,0.8278177976608276,-0.29639387130737305
<class 'keras.src.layers.rnn.gru.GRU'>,256,30,0.6461391448974609,0.6625846028327942,-0.03763246536254883
<class 'keras.src.layers.rnn.gru.GRU'>,256,40,0.6470202803611755,0.6441764831542969,-0.008804678916931152
<class 'keras.src.layers.rnn.gru.GRU'>,256,50,0.6520097255706787,0.6451703906059265,-0.010361194610595703
<class 'keras.src.layers.rnn.gru.GRU'>,256,60,0.6775516271591187,0.72720867395401,-0.13883626461029053
<class 'keras.src.layers.rnn.gru.GRU'>,256,70,0.672549307346344,0.7116608023643494,-0.1144876480102539
<class 'keras.src.layers.rnn.gru.GRU'>,256,80,0.7025561332702637,0.7988349199295044,-0.2510056495666504
<class 'keras.src.layers.rnn.gru.GRU'>,256,90,0.6923611164093018,0.7708370089530945,-0.20715975761413574
<class 'keras.src.layers.rnn.gru.GRU'>,256,100,0.7033995985984802,0.8018376231193542,-0.2557079792022705
<class 'keras.src.layers.rnn.gru.GRU'>,256,110,0.7092408537864685,0.8163602948188782,-0.27845096588134766
<class 'keras.src.layers.rnn.gru.GRU'>,256,120,0.7169758677482605,0.845344066619873,-0.3238407373428345
<class 'keras.src.layers.rnn.gru.GRU'>,256,130,0.7271655797958374,0.8835504651069641,-0.3836733102798462
<class 'keras.src.layers.rnn.gru.GRU'>,256,140,0.7447447180747986,0.9248270988464355,-0.44831418991088867
<class 'keras.src.layers.rnn.gru.GRU'>,256,150,0.7401810884475708,0.9129782319068909,-0.42975831031799316
<class 'keras.src.layers.rnn.gru.GRU'>,256,160,0.727001428604126,0.8918350338935852,-0.3966473340988159
<class 'keras.src.layers.rnn.gru.GRU'>,256,170,0.7832502126693726,1.0000395774841309,-0.5660996437072754
<class 'keras.src.layers.rnn.gru.GRU'>,256,180,0.7556344270706177,0.939760684967041,-0.47170066833496094
<class 'keras.src.layers.rnn.gru.GRU'>,256,190,0.7806968092918396,0.9958838224411011,-0.5595916509628296
<class 'keras.src.layers.rnn.gru.GRU'>,256,200,0.796355664730072,1.034399151802063,-0.6199082136154175
<class 'keras.src.layers.rnn.gru.GRU'>,512,10,0.8475865721702576,1.1811364889144897,-0.849704384803772
<class 'keras.src.layers.rnn.gru.GRU'>,512,20,0.6380178332328796,0.669009804725647,-0.04769456386566162
<class 'keras.src.layers.rnn.gru.GRU'>,512,30,0.6258606314659119,0.626709520816803,0.018549203872680664
<class 'keras.src.layers.rnn.gru.GRU'>,512,40,0.6369015574455261,0.6349018216133118,0.00571972131729126
<class 'keras.src.layers.rnn.gru.GRU'>,512,50,0.6515231132507324,0.6701598763465881,-0.049495577812194824
<class 'keras.src.layers.rnn.gru.GRU'>,512,60,0.6660016775131226,0.7062976360321045,-0.10608875751495361
<class 'keras.src.layers.rnn.gru.GRU'>,512,70,0.6913950443267822,0.8075072765350342,-0.26458680629730225
<class 'keras.src.layers.rnn.gru.GRU'>,512,80,0.6960606575012207,0.826195478439331,-0.2938532829284668
<class 'keras.src.layers.rnn.gru.GRU'>,512,90,0.699552595615387,0.82808518409729,-0.29681265354156494
<class 'keras.src.layers.rnn.gru.GRU'>,512,100,0.7126300930976868,0.860964298248291,-0.34830260276794434
<class 'keras.src.layers.rnn.gru.GRU'>,512,110,0.7179294228553772,0.902762234210968,-0.41375982761383057
<class 'keras.src.layers.rnn.gru.GRU'>,512,120,0.7826314568519592,1.0655189752578735,-0.6686429977416992
<class 'keras.src.layers.rnn.gru.GRU'>,512,130,0.7688645720481873,0.9932295083999634,-0.5554349422454834
<class 'keras.src.layers.rnn.gru.GRU'>,512,140,0.8045323491096497,1.1222050189971924,-0.7574155330657959
<class 'keras.src.layers.rnn.gru.GRU'>,512,150,0.7798838019371033,1.0592206716537476,-0.658779501914978
<class 'keras.src.layers.rnn.gru.GRU'>,512,160,0.7734100818634033,1.0147361755371094,-0.5891150236129761
<class 'keras.src.layers.rnn.gru.GRU'>,512,170,0.7964076995849609,1.0829646587371826,-0.6959636211395264
<class 'keras.src.layers.rnn.gru.GRU'>,512,180,0.7587162852287292,0.9945995211601257,-0.5575803518295288
<class 'keras.src.layers.rnn.gru.GRU'>,512,190,0.7711215019226074,1.0085138082504272,-0.5793706178665161
<class 'keras.src.layers.rnn.gru.GRU'>,512,200,0.7821620106697083,1.0264259576797485,-0.607421875
